{
  "project_info": {
    "project_number": "1031834079651",
    "project_id": "fitorquit-ccf24",
    "storage_bucket": "fitorquit-ccf24.appspot.com"
  },
  "client": [
    {
      "client_info": {
        "mobilesdk_app_id": "1:1031834079651:android:d3cbb63a6daf26e8060a16",
        "android_client_info": {
          "package_name": "com.example.fitorquit"
        }
      },
      "oauth_client": [
        {
          "client_id": "1031834079651-e3i7bmlanf2qnsolt41vbjpfu1ag2ql0.apps.googleusercontent.com",
          "client_type": 3
        }
      ],
      "api_key": [
        {
          "current_key": "AIzaSyDfD1qXiVuYEkwcAxqmYMKq9ucDZKVMNCQ"
        }
      ],
      "services": {
        "appinvite_service": {
          "other_platform_oauth_client": [
            {
              "client_id": "1031834079651-e3i7bmlanf2qnsolt41vbjpfu1ag2ql0.apps.googleusercontent.com",
              "client_type": 3
            }
          ]
        }
      }
    }
  ],
  "configuration_version": "1"
}